motion,fmd,mpjpe,var
walk,2.265110,0.035776,0.001482
jump,4.012441,0.041777,0.002204
