motion,fmd,mpjpe,var
walk,4.217092,0.074303,0.003132
jump,5.241120,0.082640,0.003727
